{
  "confusion_matrix": [
    [
      225,
      38
    ],
    [
      23,
      18
    ]
  ],
  "classification_report": {
    "0": {
      "precision": 0.907258064516129,
      "recall": 0.8555133079847909,
      "f1-score": 0.8806262230919765,
      "support": 263.0
    },
    "1": {
      "precision": 0.32142857142857145,
      "recall": 0.43902439024390244,
      "f1-score": 0.3711340206185567,
      "support": 41.0
    },
    "accuracy": 0.7993421052631579,
    "macro avg": {
      "precision": 0.6143433179723502,
      "recall": 0.6472688491143467,
      "f1-score": 0.6258801218552665,
      "support": 304.0
    },
    "weighted avg": {
      "precision": 0.8282481657773465,
      "recall": 0.7993421052631579,
      "f1-score": 0.8119118142057586,
      "support": 304.0
    }
  }
}