{
  "confusion_matrix": [
    [
      250,
      13
    ],
    [
      26,
      15
    ]
  ],
  "classification_report": {
    "0": {
      "precision": 0.9057971014492754,
      "recall": 0.9505703422053232,
      "f1-score": 0.9276437847866419,
      "support": 263.0
    },
    "1": {
      "precision": 0.5357142857142857,
      "recall": 0.36585365853658536,
      "f1-score": 0.43478260869565216,
      "support": 41.0
    },
    "accuracy": 0.8717105263157895,
    "macro avg": {
      "precision": 0.7207556935817805,
      "recall": 0.6582120003709543,
      "f1-score": 0.681213196741147,
      "support": 304.0
    },
    "weighted avg": {
      "precision": 0.8558846164323853,
      "recall": 0.8717105263157895,
      "f1-score": 0.861172376169107,
      "support": 304.0
    }
  }
}