{
  "confusion_matrix": [
    [
      241,
      22
    ],
    [
      30,
      11
    ]
  ],
  "classification_report": {
    "0": {
      "precision": 0.8892988929889298,
      "recall": 0.9163498098859315,
      "f1-score": 0.9026217228464419,
      "support": 263.0
    },
    "1": {
      "precision": 0.3333333333333333,
      "recall": 0.2682926829268293,
      "f1-score": 0.2972972972972973,
      "support": 41.0
    },
    "accuracy": 0.8289473684210527,
    "macro avg": {
      "precision": 0.6113161131611315,
      "recall": 0.5923212464063804,
      "f1-score": 0.5999595100718697,
      "support": 304.0
    },
    "weighted avg": {
      "precision": 0.8143166957985368,
      "recall": 0.8289473684210527,
      "f1-score": 0.8209825733480376,
      "support": 304.0
    }
  }
}