{
  "confusion_matrix": [
    [
      253,
      10
    ],
    [
      28,
      13
    ]
  ],
  "classification_report": {
    "0": {
      "precision": 0.900355871886121,
      "recall": 0.9619771863117871,
      "f1-score": 0.9301470588235294,
      "support": 263.0
    },
    "1": {
      "precision": 0.5652173913043478,
      "recall": 0.3170731707317073,
      "f1-score": 0.40625,
      "support": 41.0
    },
    "accuracy": 0.875,
    "macro avg": {
      "precision": 0.7327866315952344,
      "recall": 0.6395251785217472,
      "f1-score": 0.6681985294117647,
      "support": 304.0
    },
    "weighted avg": {
      "precision": 0.8551562741760792,
      "recall": 0.875,
      "f1-score": 0.8594898897058824,
      "support": 304.0
    }
  }
}