{
  "confusion_matrix": [
    [
      250,
      13
    ],
    [
      33,
      8
    ]
  ],
  "classification_report": {
    "0": {
      "precision": 0.8833922261484098,
      "recall": 0.9505703422053232,
      "f1-score": 0.9157509157509157,
      "support": 263.0
    },
    "1": {
      "precision": 0.38095238095238093,
      "recall": 0.1951219512195122,
      "f1-score": 0.25806451612903225,
      "support": 41.0
    },
    "accuracy": 0.8486842105263158,
    "macro avg": {
      "precision": 0.6321723035503954,
      "recall": 0.5728461467124177,
      "f1-score": 0.586907715939974,
      "support": 304.0
    },
    "weighted avg": {
      "precision": 0.8156289575528928,
      "recall": 0.8486842105263158,
      "f1-score": 0.8270497894861223,
      "support": 304.0
    }
  }
}