{
  "confusion_matrix": [
    [
      349,
      45
    ],
    [
      38,
      24
    ]
  ],
  "classification_report": {
    "0": {
      "precision": 0.9018087855297158,
      "recall": 0.8857868020304569,
      "f1-score": 0.8937259923175416,
      "support": 394.0
    },
    "1": {
      "precision": 0.34782608695652173,
      "recall": 0.3870967741935484,
      "f1-score": 0.366412213740458,
      "support": 62.0
    },
    "accuracy": 0.8179824561403509,
    "macro avg": {
      "precision": 0.6248174362431187,
      "recall": 0.6364417881120026,
      "f1-score": 0.6300691030289998,
      "support": 456.0
    },
    "weighted avg": {
      "precision": 0.826486576513185,
      "recall": 0.8179824561403509,
      "f1-score": 0.822029820668903,
      "support": 456.0
    }
  }
}