{
  "confusion_matrix": [
    [
      374,
      20
    ],
    [
      41,
      21
    ]
  ],
  "classification_report": {
    "0": {
      "precision": 0.9012048192771084,
      "recall": 0.949238578680203,
      "f1-score": 0.9245982694684796,
      "support": 394.0
    },
    "1": {
      "precision": 0.5121951219512195,
      "recall": 0.3387096774193548,
      "f1-score": 0.4077669902912621,
      "support": 62.0
    },
    "accuracy": 0.8662280701754386,
    "macro avg": {
      "precision": 0.7066999706141639,
      "recall": 0.6439741280497789,
      "f1-score": 0.6661826298798709,
      "support": 456.0
    },
    "weighted avg": {
      "precision": 0.8483131499038516,
      "recall": 0.8662280701754386,
      "f1-score": 0.8543273499312263,
      "support": 456.0
    }
  }
}