{
  "confusion_matrix": [
    [
      387,
      7
    ],
    [
      54,
      8
    ]
  ],
  "classification_report": {
    "0": {
      "precision": 0.8775510204081632,
      "recall": 0.9822335025380711,
      "f1-score": 0.9269461077844311,
      "support": 394.0
    },
    "1": {
      "precision": 0.5333333333333333,
      "recall": 0.12903225806451613,
      "f1-score": 0.2077922077922078,
      "support": 62.0
    },
    "accuracy": 0.8662280701754386,
    "macro avg": {
      "precision": 0.7054421768707483,
      "recall": 0.5556328803012935,
      "f1-score": 0.5673691577883194,
      "support": 456.0
    },
    "weighted avg": {
      "precision": 0.830749492779568,
      "recall": 0.8662280701754386,
      "f1-score": 0.8291664108556639,
      "support": 456.0
    }
  }
}