{
  "confusion_matrix": [
    [
      392,
      2
    ],
    [
      61,
      1
    ]
  ],
  "classification_report": {
    "0": {
      "precision": 0.8653421633554084,
      "recall": 0.9949238578680203,
      "f1-score": 0.9256198347107438,
      "support": 394.0
    },
    "1": {
      "precision": 0.3333333333333333,
      "recall": 0.016129032258064516,
      "f1-score": 0.03076923076923077,
      "support": 62.0
    },
    "accuracy": 0.8618421052631579,
    "macro avg": {
      "precision": 0.5993377483443708,
      "recall": 0.5055264450630425,
      "f1-score": 0.4781945327399873,
      "support": 456.0
    },
    "weighted avg": {
      "precision": 0.7930076294488982,
      "recall": 0.8618421052631579,
      "f1-score": 0.8039515508415029,
      "support": 456.0
    }
  }
}