{
  "confusion_matrix": [
    [
      368,
      26
    ],
    [
      38,
      24
    ]
  ],
  "classification_report": {
    "0": {
      "precision": 0.9064039408866995,
      "recall": 0.934010152284264,
      "f1-score": 0.92,
      "support": 394.0
    },
    "1": {
      "precision": 0.48,
      "recall": 0.3870967741935484,
      "f1-score": 0.42857142857142855,
      "support": 62.0
    },
    "accuracy": 0.8596491228070176,
    "macro avg": {
      "precision": 0.6932019704433497,
      "recall": 0.6605534632389062,
      "f1-score": 0.6742857142857143,
      "support": 456.0
    },
    "weighted avg": {
      "precision": 0.8484279664678939,
      "recall": 0.8596491228070176,
      "f1-score": 0.8531829573934837,
      "support": 456.0
    }
  }
}