{
  "confusion_matrix": [
    [
      226,
      37
    ],
    [
      25,
      16
    ]
  ],
  "classification_report": {
    "0": {
      "precision": 0.900398406374502,
      "recall": 0.8593155893536122,
      "f1-score": 0.8793774319066148,
      "support": 263.0
    },
    "1": {
      "precision": 0.3018867924528302,
      "recall": 0.3902439024390244,
      "f1-score": 0.3404255319148936,
      "support": 41.0
    },
    "accuracy": 0.7960526315789473,
    "macro avg": {
      "precision": 0.6011425994136661,
      "recall": 0.6247797458963182,
      "f1-score": 0.6099014819107542,
      "support": 304.0
    },
    "weighted avg": {
      "precision": 0.8196780900232238,
      "recall": 0.7960526315789473,
      "f1-score": 0.8066898401314155,
      "support": 304.0
    }
  }
}