{
  "confusion_matrix": [
    [
      249,
      14
    ],
    [
      24,
      17
    ]
  ],
  "classification_report": {
    "0": {
      "precision": 0.9120879120879121,
      "recall": 0.9467680608365019,
      "f1-score": 0.9291044776119403,
      "support": 263.0
    },
    "1": {
      "precision": 0.5483870967741935,
      "recall": 0.4146341463414634,
      "f1-score": 0.4722222222222222,
      "support": 41.0
    },
    "accuracy": 0.875,
    "macro avg": {
      "precision": 0.7302375044310527,
      "recall": 0.6807011035889826,
      "f1-score": 0.7006633499170812,
      "support": 304.0
    },
    "weighted avg": {
      "precision": 0.8630361573909962,
      "recall": 0.875,
      "f1-score": 0.8674854892205638,
      "support": 304.0
    }
  }
}