{
  "confusion_matrix": [
    [
      252,
      11
    ],
    [
      32,
      9
    ]
  ],
  "classification_report": {
    "0": {
      "precision": 0.8873239436619719,
      "recall": 0.9581749049429658,
      "f1-score": 0.9213893967093236,
      "support": 263.0
    },
    "1": {
      "precision": 0.45,
      "recall": 0.21951219512195122,
      "f1-score": 0.29508196721311475,
      "support": 41.0
    },
    "accuracy": 0.8585526315789473,
    "macro avg": {
      "precision": 0.668661971830986,
      "recall": 0.5888435500324585,
      "f1-score": 0.6082356819612191,
      "support": 304.0
    },
    "weighted avg": {
      "precision": 0.8283427538917717,
      "recall": 0.8585526315789473,
      "f1-score": 0.8369203025996376,
      "support": 304.0
    }
  }
}