{
  "confusion_matrix": [
    [
      239,
      24
    ],
    [
      27,
      14
    ]
  ],
  "classification_report": {
    "0": {
      "precision": 0.8984962406015038,
      "recall": 0.908745247148289,
      "f1-score": 0.9035916824196597,
      "support": 263.0
    },
    "1": {
      "precision": 0.3684210526315789,
      "recall": 0.34146341463414637,
      "f1-score": 0.35443037974683544,
      "support": 41.0
    },
    "accuracy": 0.8322368421052632,
    "macro avg": {
      "precision": 0.6334586466165414,
      "recall": 0.6251043308912176,
      "f1-score": 0.6290110310832475,
      "support": 304.0
    },
    "weighted avg": {
      "precision": 0.8270058369608231,
      "recall": 0.8322368421052632,
      "f1-score": 0.8295271646249696,
      "support": 304.0
    }
  }
}